<?xml version="1.0" encoding="UTF-8"?>
<beans xmlns="http://www.springframework.org/schema/beans"
	xmlns:xsi="http://www.w3.org/2001/XMLSchema-instance" xmlns:context="http://www.springframework.org/schema/context"
	xmlns:mvc="http://www.springframework.org/schema/mvc"
	xsi:schemaLocation="http://www.springframework.org/schema/mvc
	 http://www.springframework.org/schema/mvc/spring-mvc-4.0.xsd
		http://www.springframework.org/schema/beans
		 http://www.springframework.org/schema/beans/spring-beans-4.0.xsd
		http://www.springframework.org/schema/context
		 http://www.springframework.org/schema/context/spring-context-4.0.xsd">
	<!-- 自动扫描且只扫描@Controller -->
	<context:component-scan base-package="com.myschool">
		<context:include-filter type="annotation"
			expression="org.springframework.stereotype.Controller" />
	</context:component-scan>
	<!-- 基于注解驱动的SpringMVC -->
	<mvc:annotation-driven />
	<!-- 定义JSP文件的位置 -->
	<!-- bean class="org.springframework.web.servlet.view.InternalResourceViewResolver"> 
		<property name="prefix" value="/" /> <property name="suffix" value=".jsp" 
		/>
	</bean -->
	<bean class="org.springframework.web.servlet.view.ResourceBundleViewResolver">
		<property name="basename" value="views" />
		<property name="order" value="1" />
	</bean>
</beans>
